categoria_puntuacion,precio
Malo,15.929032258064517
Aceptable,19.424705327675625
Bueno,28.87450362064938
Muy Bueno,56.27684531138617
Excelente,198.4974358974359
