continente,promedio_precio,cantidad_vinos
América,22.630404783808647,4348
Asia,28.885793871866294,359
Australia y Oceanía,32.32190680235672,1867
Europa,36.72089422604886,26481
África,24.23969465648855,655
